period,end_date,metric,value,unit,source_id,pdf_page,evidence_type
Q4FY24,2024-03-31,revenue,37923.0,INR crore,INFY-FY25,3,fact_source_reported
Q4FY24,2024-03-31,other_income,2729.0,INR crore,INFY-FY25,3,fact_source_reported
Q4FY24,2024-03-31,da,1163.0,INR crore,INFY-FY25,3,fact_source_reported
Q4FY24,2024-03-31,finance_cost,110.0,INR crore,INFY-FY25,3,fact_source_reported
Q4FY24,2024-03-31,pbt,10240.0,INR crore,INFY-FY25,3,fact_source_reported
Q4FY24,2024-03-31,current_tax,1173.0,INR crore,INFY-FY25,3,fact_source_reported
Q4FY24,2024-03-31,deferred_tax,1092.0,INR crore,INFY-FY25,3,fact_source_reported
Q4FY24,2024-03-31,pat,7969.0,INR crore,INFY-FY25,3,fact_source_reported
Q4FY24,2024-03-31,group_pat,7975.0,INR crore,INFY-FY25,3,fact_source_reported
Q4FY24,2024-03-31,eps,19.25,INR per share,INFY-FY25,3,fact_source_reported
Q4FY24,2024-03-31,weighted_shares_crore,413.9432133,crore shares,INFY-FY25,3,fact_source_reported
Q4FY24,2024-03-31,tax,2265.0,INR crore,INFY-FY25,3,derived_calculation
Q4FY24,2024-03-31,equity,88116.0,INR crore,INFY-FY25,2,fact_source_reported
Q4FY24,2024-03-31,total_equity,88461.0,INR crore,INFY-FY25,2,fact_source_reported
Q4FY24,2024-03-31,total_assets,137814.0,INR crore,INFY-FY25,2,fact_source_reported
Q4FY24,2024-03-31,current_assets,89432.0,INR crore,INFY-FY25,2,fact_source_reported
Q4FY24,2024-03-31,current_liabilities,38794.0,INR crore,INFY-FY25,2,fact_source_reported
Q4FY24,2024-03-31,cash,14786.0,INR crore,INFY-FY25,2,fact_source_reported
Q4FY24,2024-03-31,current_investments,12915.0,INR crore,INFY-FY25,2,fact_source_reported
Q4FY24,2024-03-31,noncurrent_investments,11708.0,INR crore,INFY-FY25,2,fact_source_reported
Q4FY24,2024-03-31,lease_debt,8359.0,INR crore,INFY-FY25,2,derived_calculation
Q4FY24,2024-03-31,receivables,30193.0,INR crore,INFY-FY25,2,fact_source_reported
Q4FY24,2024-03-31,payables,3956.0,INR crore,INFY-FY25,2,fact_source_reported
Q4FY24,2024-03-31,cfo,,INR crore,,,missing_required_source
Q4FY24,2024-03-31,capex,,INR crore,,,missing_required_source
Q4FY24,2024-03-31,shares_crore,413.9950635,crore shares,INFY-FY25,23,fact_source_reported
Q4FY24,2024-03-31,minority,345.0,INR crore,INFY-FY25,2,fact_source_reported
FY24,2024-03-31,revenue,153670.0,INR crore,INFY-FY25,3,fact_source_reported
FY24,2024-03-31,other_income,4711.0,INR crore,INFY-FY25,3,fact_source_reported
FY24,2024-03-31,da,4678.0,INR crore,INFY-FY25,3,fact_source_reported
FY24,2024-03-31,finance_cost,470.0,INR crore,INFY-FY25,3,fact_source_reported
FY24,2024-03-31,pbt,35988.0,INR crore,INFY-FY25,3,fact_source_reported
FY24,2024-03-31,current_tax,8390.0,INR crore,INFY-FY25,3,fact_source_reported
FY24,2024-03-31,deferred_tax,1350.0,INR crore,INFY-FY25,3,fact_source_reported
FY24,2024-03-31,pat,26233.0,INR crore,INFY-FY25,3,fact_source_reported
FY24,2024-03-31,group_pat,26248.0,INR crore,INFY-FY25,3,fact_source_reported
FY24,2024-03-31,eps,63.39,INR per share,INFY-FY25,3,fact_source_reported
FY24,2024-03-31,weighted_shares_crore,413.856809,crore shares,INFY-FY25,3,fact_source_reported
FY24,2024-03-31,equity,88116.0,INR crore,INFY-FY25,2,fact_source_reported
FY24,2024-03-31,total_equity,88461.0,INR crore,INFY-FY25,2,fact_source_reported
FY24,2024-03-31,minority,345.0,INR crore,INFY-FY25,2,fact_source_reported
FY24,2024-03-31,total_assets,137814.0,INR crore,INFY-FY25,2,fact_source_reported
FY24,2024-03-31,current_assets,89432.0,INR crore,INFY-FY25,2,fact_source_reported
FY24,2024-03-31,current_liabilities,38794.0,INR crore,INFY-FY25,2,fact_source_reported
FY24,2024-03-31,noncurrent_liabilities,10559.0,INR crore,INFY-FY25,2,fact_source_reported
FY24,2024-03-31,cash,14786.0,INR crore,INFY-FY25,2,fact_source_reported
FY24,2024-03-31,current_investments,12915.0,INR crore,INFY-FY25,2,fact_source_reported
FY24,2024-03-31,noncurrent_investments,11708.0,INR crore,INFY-FY25,2,fact_source_reported
FY24,2024-03-31,lease_current,1959.0,INR crore,INFY-FY25,2,fact_source_reported
FY24,2024-03-31,lease_noncurrent,6400.0,INR crore,INFY-FY25,2,fact_source_reported
FY24,2024-03-31,receivables,30193.0,INR crore,INFY-FY25,2,fact_source_reported
FY24,2024-03-31,payables,3956.0,INR crore,INFY-FY25,2,fact_source_reported
FY24,2024-03-31,cfo,25210.0,INR crore,INFY-FY25,6,fact_source_reported
FY24,2024-03-31,capex,2201.0,INR crore,INFY-FY25,6,fact_source_reported
FY24,2024-03-31,shares_crore,413.9950635,crore shares,INFY-FY25,23,fact_source_reported
FY24,2024-03-31,tax,9740.0,INR crore,INFY-FY25,3,derived_calculation
FY24,2024-03-31,lease_debt,8359.0,INR crore,INFY-FY25,2,derived_calculation
Q4FY25,2025-03-31,revenue,40925.0,INR crore,INFY-FY26,3,fact_source_reported
Q4FY25,2025-03-31,other_income,1190.0,INR crore,INFY-FY26,3,fact_source_reported
Q4FY25,2025-03-31,da,1299.0,INR crore,INFY-FY26,3,fact_source_reported
Q4FY25,2025-03-31,finance_cost,102.0,INR crore,INFY-FY26,3,fact_source_reported
Q4FY25,2025-03-31,pbt,9663.0,INR crore,INFY-FY26,3,fact_source_reported
Q4FY25,2025-03-31,current_tax,2784.0,INR crore,INFY-FY26,3,fact_source_reported
Q4FY25,2025-03-31,deferred_tax,-159.0,INR crore,INFY-FY26,3,fact_source_reported
Q4FY25,2025-03-31,pat,7033.0,INR crore,INFY-FY26,3,fact_source_reported
Q4FY25,2025-03-31,group_pat,7038.0,INR crore,INFY-FY26,3,fact_source_reported
Q4FY25,2025-03-31,eps,16.98,INR per share,INFY-FY26,3,fact_source_reported
Q4FY25,2025-03-31,weighted_shares_crore,414.2429577,crore shares,INFY-FY26,3,fact_source_reported
Q4FY25,2025-03-31,exceptional_expense,0.0,INR crore,INFY-FY26,3,fact_source_reported
Q4FY25,2025-03-31,tax,2625.0,INR crore,INFY-FY26,3,derived_calculation
Q4FY25,2025-03-31,equity,95818.0,INR crore,INFY-FY26,2,fact_source_reported
Q4FY25,2025-03-31,total_equity,96203.0,INR crore,INFY-FY26,2,fact_source_reported
Q4FY25,2025-03-31,total_assets,148903.0,INR crore,INFY-FY26,2,fact_source_reported
Q4FY25,2025-03-31,current_assets,97099.0,INR crore,INFY-FY26,2,fact_source_reported
Q4FY25,2025-03-31,current_liabilities,42850.0,INR crore,INFY-FY26,2,fact_source_reported
Q4FY25,2025-03-31,cash,24455.0,INR crore,INFY-FY26,2,fact_source_reported
Q4FY25,2025-03-31,current_investments,12482.0,INR crore,INFY-FY26,2,fact_source_reported
Q4FY25,2025-03-31,noncurrent_investments,11059.0,INR crore,INFY-FY26,2,fact_source_reported
Q4FY25,2025-03-31,lease_debt,8227.0,INR crore,INFY-FY26,2,derived_calculation
Q4FY25,2025-03-31,receivables,31158.0,INR crore,INFY-FY26,2,fact_source_reported
Q4FY25,2025-03-31,payables,4164.0,INR crore,INFY-FY26,2,fact_source_reported
Q4FY25,2025-03-31,cfo,,INR crore,,,missing_required_source
Q4FY25,2025-03-31,capex,,INR crore,,,missing_required_source
Q4FY25,2025-03-31,shares_crore,414.3607528,crore shares,INFY-FY26,23,fact_source_reported
Q4FY25,2025-03-31,minority,385.0,INR crore,INFY-FY26,2,fact_source_reported
FY25,2025-03-31,revenue,162990.0,INR crore,INFY-FY26,3,fact_source_reported
FY25,2025-03-31,other_income,3600.0,INR crore,INFY-FY26,3,fact_source_reported
FY25,2025-03-31,da,4812.0,INR crore,INFY-FY26,3,fact_source_reported
FY25,2025-03-31,finance_cost,416.0,INR crore,INFY-FY26,3,fact_source_reported
FY25,2025-03-31,pbt,37608.0,INR crore,INFY-FY26,3,fact_source_reported
FY25,2025-03-31,current_tax,12130.0,INR crore,INFY-FY26,3,fact_source_reported
FY25,2025-03-31,deferred_tax,-1272.0,INR crore,INFY-FY26,3,fact_source_reported
FY25,2025-03-31,pat,26713.0,INR crore,INFY-FY26,3,fact_source_reported
FY25,2025-03-31,group_pat,26750.0,INR crore,INFY-FY26,3,fact_source_reported
FY25,2025-03-31,eps,64.5,INR per share,INFY-FY26,3,fact_source_reported
FY25,2025-03-31,weighted_shares_crore,414.1611738,crore shares,INFY-FY26,3,fact_source_reported
FY25,2025-03-31,equity,95818.0,INR crore,INFY-FY26,2,fact_source_reported
FY25,2025-03-31,total_equity,96203.0,INR crore,INFY-FY26,2,fact_source_reported
FY25,2025-03-31,minority,385.0,INR crore,INFY-FY26,2,fact_source_reported
FY25,2025-03-31,total_assets,148903.0,INR crore,INFY-FY26,2,fact_source_reported
FY25,2025-03-31,current_assets,97099.0,INR crore,INFY-FY26,2,fact_source_reported
FY25,2025-03-31,current_liabilities,42850.0,INR crore,INFY-FY26,2,fact_source_reported
FY25,2025-03-31,noncurrent_liabilities,9850.0,INR crore,INFY-FY26,2,fact_source_reported
FY25,2025-03-31,cash,24455.0,INR crore,INFY-FY26,2,fact_source_reported
FY25,2025-03-31,current_investments,12482.0,INR crore,INFY-FY26,2,fact_source_reported
FY25,2025-03-31,noncurrent_investments,11059.0,INR crore,INFY-FY26,2,fact_source_reported
FY25,2025-03-31,lease_current,2455.0,INR crore,INFY-FY26,2,fact_source_reported
FY25,2025-03-31,lease_noncurrent,5772.0,INR crore,INFY-FY26,2,fact_source_reported
FY25,2025-03-31,receivables,31158.0,INR crore,INFY-FY26,2,fact_source_reported
FY25,2025-03-31,payables,4164.0,INR crore,INFY-FY26,2,fact_source_reported
FY25,2025-03-31,cfo,35694.0,INR crore,INFY-FY26,6,fact_source_reported
FY25,2025-03-31,capex,2237.0,INR crore,INFY-FY26,6,fact_source_reported
FY25,2025-03-31,shares_crore,414.3607528,crore shares,INFY-FY26,23,fact_source_reported
FY25,2025-03-31,exceptional_expense,0.0,INR crore,INFY-FY26,3,fact_source_reported
FY25,2025-03-31,tax,10858.0,INR crore,INFY-FY26,3,derived_calculation
FY25,2025-03-31,lease_debt,8227.0,INR crore,INFY-FY26,2,derived_calculation
Q1FY26,2025-06-30,revenue,42279.0,INR crore,INFY-Q1FY27,3,fact_source_reported
Q1FY26,2025-06-30,other_income,1042.0,INR crore,INFY-Q1FY27,3,fact_source_reported
Q1FY26,2025-06-30,da,1140.0,INR crore,INFY-Q1FY27,3,fact_source_reported
Q1FY26,2025-06-30,finance_cost,105.0,INR crore,INFY-Q1FY27,3,fact_source_reported
Q1FY26,2025-06-30,pbt,9740.0,INR crore,INFY-Q1FY27,3,fact_source_reported
Q1FY26,2025-06-30,current_tax,3053.0,INR crore,INFY-Q1FY27,3,fact_source_reported
Q1FY26,2025-06-30,deferred_tax,-237.0,INR crore,INFY-Q1FY27,3,fact_source_reported
Q1FY26,2025-06-30,pat,6921.0,INR crore,INFY-Q1FY27,3,fact_source_reported
Q1FY26,2025-06-30,group_pat,6924.0,INR crore,INFY-Q1FY27,3,fact_source_reported
Q1FY26,2025-06-30,eps,16.7,INR per share,INFY-Q1FY27,3,fact_source_reported
Q1FY26,2025-06-30,weighted_shares_crore,414.3971592,crore shares,INFY-Q1FY27,3,fact_source_reported
Q1FY26,2025-06-30,cfo,7632.0,INR crore,INFY-Q1FY27,6,fact_source_reported
Q1FY26,2025-06-30,capex,865.0,INR crore,INFY-Q1FY27,6,fact_source_reported
Q1FY26,2025-06-30,tax,2816.0,INR crore,INFY-Q1FY27,3,derived_calculation
Q1FY26,2025-06-30,equity,,INR crore,,,missing_required_source
Q1FY26,2025-06-30,total_equity,,INR crore,,,missing_required_source
Q1FY26,2025-06-30,total_assets,,INR crore,,,missing_required_source
Q1FY26,2025-06-30,current_assets,,INR crore,,,missing_required_source
Q1FY26,2025-06-30,current_liabilities,,INR crore,,,missing_required_source
Q1FY26,2025-06-30,cash,,INR crore,,,missing_required_source
Q1FY26,2025-06-30,current_investments,,INR crore,,,missing_required_source
Q1FY26,2025-06-30,noncurrent_investments,,INR crore,,,missing_required_source
Q1FY26,2025-06-30,lease_debt,,INR crore,,,missing_required_source
Q1FY26,2025-06-30,receivables,,INR crore,,,missing_required_source
Q1FY26,2025-06-30,payables,,INR crore,,,missing_required_source
Q1FY26,2025-06-30,shares_crore,,INR crore,,,missing_required_source
Q1FY26,2025-06-30,minority,,INR crore,,,missing_required_source
Q4FY26,2026-03-31,revenue,46402.0,INR crore,INFY-FY26,3,fact_source_reported
Q4FY26,2026-03-31,other_income,1159.0,INR crore,INFY-FY26,3,fact_source_reported
Q4FY26,2026-03-31,da,1424.0,INR crore,INFY-FY26,3,fact_source_reported
Q4FY26,2026-03-31,finance_cost,105.0,INR crore,INFY-FY26,3,fact_source_reported
Q4FY26,2026-03-31,pbt,10797.0,INR crore,INFY-FY26,3,fact_source_reported
Q4FY26,2026-03-31,current_tax,2664.0,INR crore,INFY-FY26,3,fact_source_reported
Q4FY26,2026-03-31,deferred_tax,-376.0,INR crore,INFY-FY26,3,fact_source_reported
Q4FY26,2026-03-31,pat,8501.0,INR crore,INFY-FY26,3,fact_source_reported
Q4FY26,2026-03-31,group_pat,8509.0,INR crore,INFY-FY26,3,fact_source_reported
Q4FY26,2026-03-31,eps,21.01,INR per share,INFY-FY26,3,fact_source_reported
Q4FY26,2026-03-31,weighted_shares_crore,404.6019309,crore shares,INFY-FY26,3,fact_source_reported
Q4FY26,2026-03-31,exceptional_expense,0.0,INR crore,INFY-FY26,3,fact_source_reported
Q4FY26,2026-03-31,tax,2288.0,INR crore,INFY-FY26,3,derived_calculation
Q4FY26,2026-03-31,equity,92852.0,INR crore,INFY-Q1FY27,2,fact_source_reported
Q4FY26,2026-03-31,total_equity,93297.0,INR crore,INFY-Q1FY27,2,fact_source_reported
Q4FY26,2026-03-31,total_assets,155967.0,INR crore,INFY-Q1FY27,2,fact_source_reported
Q4FY26,2026-03-31,current_assets,103489.0,INR crore,INFY-Q1FY27,2,fact_source_reported
Q4FY26,2026-03-31,current_liabilities,52322.0,INR crore,INFY-Q1FY27,2,fact_source_reported
Q4FY26,2026-03-31,cash,22201.0,INR crore,INFY-Q1FY27,2,fact_source_reported
Q4FY26,2026-03-31,current_investments,12950.0,INR crore,INFY-Q1FY27,2,fact_source_reported
Q4FY26,2026-03-31,noncurrent_investments,8930.0,INR crore,INFY-Q1FY27,2,fact_source_reported
Q4FY26,2026-03-31,lease_debt,9176.0,INR crore,INFY-Q1FY27,2,derived_calculation
Q4FY26,2026-03-31,receivables,35234.0,INR crore,INFY-Q1FY27,2,fact_source_reported
Q4FY26,2026-03-31,payables,4744.0,INR crore,INFY-Q1FY27,2,fact_source_reported
Q4FY26,2026-03-31,cfo,,INR crore,,,missing_required_source
Q4FY26,2026-03-31,capex,,INR crore,,,missing_required_source
Q4FY26,2026-03-31,shares_crore,404.6940812,crore shares,INFY-Q1FY27,22,fact_source_reported
Q4FY26,2026-03-31,minority,445.0,INR crore,INFY-Q1FY27,2,fact_source_reported
FY26,2026-03-31,revenue,178650.0,INR crore,INFY-FY26,3,fact_source_reported
FY26,2026-03-31,other_income,4322.0,INR crore,INFY-FY26,3,fact_source_reported
FY26,2026-03-31,da,4902.0,INR crore,INFY-FY26,3,fact_source_reported
FY26,2026-03-31,finance_cost,416.0,INR crore,INFY-FY26,3,fact_source_reported
FY26,2026-03-31,pbt,39995.0,INR crore,INFY-FY26,3,fact_source_reported
FY26,2026-03-31,current_tax,11767.0,INR crore,INFY-FY26,3,fact_source_reported
FY26,2026-03-31,deferred_tax,-1246.0,INR crore,INFY-FY26,3,fact_source_reported
FY26,2026-03-31,pat,29440.0,INR crore,INFY-FY26,3,fact_source_reported
FY26,2026-03-31,group_pat,29474.0,INR crore,INFY-FY26,3,fact_source_reported
FY26,2026-03-31,eps,71.58,INR per share,INFY-FY26,3,fact_source_reported
FY26,2026-03-31,weighted_shares_crore,411.2814745,crore shares,INFY-FY26,3,fact_source_reported
FY26,2026-03-31,equity,92852.0,INR crore,INFY-Q1FY27,2,fact_source_reported
FY26,2026-03-31,total_equity,93297.0,INR crore,INFY-Q1FY27,2,fact_source_reported
FY26,2026-03-31,minority,445.0,INR crore,INFY-Q1FY27,2,fact_source_reported
FY26,2026-03-31,total_assets,155967.0,INR crore,INFY-Q1FY27,2,fact_source_reported
FY26,2026-03-31,current_assets,103489.0,INR crore,INFY-Q1FY27,2,fact_source_reported
FY26,2026-03-31,current_liabilities,52322.0,INR crore,INFY-Q1FY27,2,fact_source_reported
FY26,2026-03-31,noncurrent_liabilities,10348.0,INR crore,INFY-Q1FY27,2,fact_source_reported
FY26,2026-03-31,cash,22201.0,INR crore,INFY-Q1FY27,2,fact_source_reported
FY26,2026-03-31,current_investments,12950.0,INR crore,INFY-Q1FY27,2,fact_source_reported
FY26,2026-03-31,noncurrent_investments,8930.0,INR crore,INFY-Q1FY27,2,fact_source_reported
FY26,2026-03-31,lease_current,3160.0,INR crore,INFY-Q1FY27,2,fact_source_reported
FY26,2026-03-31,lease_noncurrent,6016.0,INR crore,INFY-Q1FY27,2,fact_source_reported
FY26,2026-03-31,receivables,35234.0,INR crore,INFY-Q1FY27,2,fact_source_reported
FY26,2026-03-31,payables,4744.0,INR crore,INFY-Q1FY27,2,fact_source_reported
FY26,2026-03-31,cfo,33986.0,INR crore,INFY-FY26,6,fact_source_reported
FY26,2026-03-31,capex,2727.0,INR crore,INFY-FY26,6,fact_source_reported
FY26,2026-03-31,shares_crore,404.6940812,crore shares,INFY-Q1FY27,22,fact_source_reported
FY26,2026-03-31,exceptional_expense,1289.0,INR crore,INFY-FY26,3,fact_source_reported
FY26,2026-03-31,tax,10521.0,INR crore,INFY-FY26,3,derived_calculation
FY26,2026-03-31,lease_debt,9176.0,INR crore,INFY-Q1FY27,2,derived_calculation
Q1FY27,2026-06-30,revenue,48211.0,INR crore,INFY-Q1FY27,3,fact_source_reported
Q1FY27,2026-06-30,other_income,984.0,INR crore,INFY-Q1FY27,3,fact_source_reported
Q1FY27,2026-06-30,da,1246.0,INR crore,INFY-Q1FY27,3,fact_source_reported
Q1FY27,2026-06-30,finance_cost,119.0,INR crore,INFY-Q1FY27,3,fact_source_reported
Q1FY27,2026-06-30,pbt,11028.0,INR crore,INFY-Q1FY27,3,fact_source_reported
Q1FY27,2026-06-30,current_tax,3356.0,INR crore,INFY-Q1FY27,3,fact_source_reported
Q1FY27,2026-06-30,deferred_tax,-103.0,INR crore,INFY-Q1FY27,3,fact_source_reported
Q1FY27,2026-06-30,pat,7769.0,INR crore,INFY-Q1FY27,3,fact_source_reported
Q1FY27,2026-06-30,group_pat,7775.0,INR crore,INFY-Q1FY27,3,fact_source_reported
Q1FY27,2026-06-30,eps,19.19,INR per share,INFY-Q1FY27,3,fact_source_reported
Q1FY27,2026-06-30,weighted_shares_crore,404.7692701,crore shares,INFY-Q1FY27,3,fact_source_reported
Q1FY27,2026-06-30,equity,91107.0,INR crore,INFY-Q1FY27,2,fact_source_reported
Q1FY27,2026-06-30,total_equity,91556.0,INR crore,INFY-Q1FY27,2,fact_source_reported
Q1FY27,2026-06-30,minority,449.0,INR crore,INFY-Q1FY27,2,fact_source_reported
Q1FY27,2026-06-30,total_assets,154858.0,INR crore,INFY-Q1FY27,2,fact_source_reported
Q1FY27,2026-06-30,current_assets,98494.0,INR crore,INFY-Q1FY27,2,fact_source_reported
Q1FY27,2026-06-30,current_liabilities,52911.0,INR crore,INFY-Q1FY27,2,fact_source_reported
Q1FY27,2026-06-30,noncurrent_liabilities,10391.0,INR crore,INFY-Q1FY27,2,fact_source_reported
Q1FY27,2026-06-30,cash,21645.0,INR crore,INFY-Q1FY27,2,fact_source_reported
Q1FY27,2026-06-30,current_investments,7924.0,INR crore,INFY-Q1FY27,2,fact_source_reported
Q1FY27,2026-06-30,noncurrent_investments,8743.0,INR crore,INFY-Q1FY27,2,fact_source_reported
Q1FY27,2026-06-30,lease_current,3407.0,INR crore,INFY-Q1FY27,2,fact_source_reported
Q1FY27,2026-06-30,lease_noncurrent,5330.0,INR crore,INFY-Q1FY27,2,fact_source_reported
Q1FY27,2026-06-30,receivables,33781.0,INR crore,INFY-Q1FY27,2,fact_source_reported
Q1FY27,2026-06-30,payables,4387.0,INR crore,INFY-Q1FY27,2,fact_source_reported
Q1FY27,2026-06-30,cfo,9330.0,INR crore,INFY-Q1FY27,6,fact_source_reported
Q1FY27,2026-06-30,capex,776.0,INR crore,INFY-Q1FY27,6,fact_source_reported
Q1FY27,2026-06-30,shares_crore,404.9645811,crore shares,INFY-Q1FY27,22,fact_source_reported
Q1FY27,2026-06-30,tax,3253.0,INR crore,INFY-Q1FY27,3,derived_calculation
Q1FY27,2026-06-30,lease_debt,8737.0,INR crore,INFY-Q1FY27,2,derived_calculation
